auc,Model
0.6842105263157894,Actual
0.6546052631578947,Actual
0.5953947368421053,Actual
0.555921052631579,Actual
0.48366013071895425,Actual
