auc,Model
0.5989655172413793,Actual
0.708421052631579,Actual
0.663859649122807,Actual
0.6691228070175439,Actual
0.7435087719298247,Actual
