auc,Model
0.5813492063492064,Actual
0.4722222222222222,Actual
0.6458333333333334,Actual
0.4027777777777777,Actual
