AUC,Permutation_p_value
0.5947583419332645,0.7704000000000001
