auc,Model
0.5170278637770898,Actual
0.6776315789473684,Actual
0.680921052631579,Actual
0.5098684210526316,Actual
0.607843137254902,Actual
