auc,Model
0.5924137931034482,Actual
0.7305263157894737,Actual
0.6505263157894737,Actual
0.6185964912280703,Actual
0.7656140350877193,Actual
