auc,Model
0.5572755417956656,Actual
0.6842105263157895,Actual
0.7335526315789473,Actual
0.4769736842105263,Actual
0.6013071895424836,Actual
